time_s,p_in_bar,p_out_bar,q_m3s,comp_speed_frac
0,50.0,49.5,1.0,0.8
1,50.04188360465645,49.499814959637376,1.0,0.8003333333333333
2,50.08374883886322,49.49925988420275,1.0,0.8006666666666667
3,50.12557734022805,49.498334910644594,1.0,0.801
4,50.16735076246995,49.49704026717285,1.0,0.8013333333333333
5,50.20905078346606,49.49537627320256,1.0,0.8016666666666667
6,50.2506591132878,49.493343339275135,1.0,0.802
7,50.29215750222302,49.49094196695702,1.0,0.8023333333333333
8,50.33352774878041,49.48817274871594,1.0,0.8026666666666668
9,50.37475170767286,49.48503636777476,1.0,0.803
10,50.415811297776045,49.481533597942914,1.0,0.8033333333333333
11,50.456688510058996,49.47766530342546,1.0,0.8036666666666668
12,50.497365415482946,49.4734324386099,1.0,0.804
13,50.537824172865164,49.46883604783067,1.0,0.8043333333333333
14,50.578047036704234,49.46387726511154,1.0,0.8046666666666668
15,50.6180163649633,49.458557313885784,1.0,0.805
16,50.65771462680807,49.45287750669433,1.0,0.8053333333333333
17,50.697124410295906,49.446839244861955,1.0,0.8056666666666668
18,50.73622843001286,49.440444018151545,1.0,0.806
19,50.775009534655155,49.43369340439652,1.0,0.8063333333333333
20,50.813450714551905,49.42658906911157,1.0,0.8066666666666668
21,50.85153510912563,49.419132765081734,1.0,0.807
22,50.88924601428748,49.41132633192995,1.0,0.8073333333333333
23,50.92656688976373,49.40317169566317,1.0,0.8076666666666668
24,50.963481366350464,49.39467086819721,1.0,0.808
25,50.999973253093266,49.385825946860315,1.0,0.8083333333333333
26,51.03602654438863,49.37663911387577,1.0,0.8086666666666668
27,51.071625427004186,49.367112635823446,1.0,0.809
28,51.10675428701445,49.357248863080606,1.0,0.8093333333333333
29,51.14139771664924,49.34705022924204,1.0,0.8096666666666668
30,51.175540521051616,49.33651925051962,1.0,0.81
31,51.209167724942475,49.325658525121504,1.0,0.8103333333333333
32,51.24226457918877,49.314470732611106,1.0,0.8106666666666668
33,51.274816567272644,49.30295863324602,1.0,0.811
34,51.306809411658435,49.29112506729696,1.0,0.8113333333333334
35,51.33822908005493,49.27897295434703,1.0,0.8116666666666668
36,51.369061791570005,49.26650529257142,1.0,0.812
37,51.39929402275504,49.25372515799768,1.0,0.8123333333333334
38,51.42891251353643,49.240635703746776,1.0,0.8126666666666668
39,51.45790427303148,49.2272401592552,1.0,0.8130000000000001
40,51.486256585246345,49.21354182947816,1.0,0.8133333333333334
41,51.51395701465335,49.199544094074206,1.0,0.8136666666666668
42,51.54099341164531,49.18525040657138,1.0,0.8140000000000001
43,51.56735391786441,49.17066429351517,1.0,0.8143333333333334
44,51.59302697140338,49.15578935359846,1.0,0.8146666666666668
45,51.61800131187665,49.1406292567736,1.0,0.8150000000000001
46,51.64226598535918,49.12518774334701,1.0,0.8153333333333334
47,51.665810349191005,49.10946862305636,1.0,0.8156666666666668
48,51.68862407664513,49.0934757741306,1.0,0.8160000000000001
49,51.710697161456906,49.07721314233315,1.0,0.8163333333333334
50,51.73201992221289,49.06068473998839,1.0,0.8166666666666668
51,51.75258300659713,49.04389464499174,1.0,0.8170000000000001
52,51.7723773954932,49.02684699980355,1.0,0.8173333333333334
53,51.79139440694003,49.009546010427094,1.0,0.8176666666666668
54,51.809625699939886,48.99199594537083,1.0,0.8180000000000001
55,51.82706327811677,48.97420113459529,1.0,0.8183333333333334
56,51.84369949322371,48.9561659684448,1.0,0.8186666666666668
57,51.85952704849734,48.937894896564266,1.0,0.8190000000000001
58,51.874539001858295,48.91939242680139,1.0,0.8193333333333334
59,51.888728768956064,48.900663124094436,1.0,0.8196666666666668
60,51.90209012605692,48.881711609346034,1.0,0.8200000000000001
61,51.91461721277373,48.86254255828307,1.0,0.8203333333333334
62,51.92630453463632,48.84316070030309,1.0,0.8206666666666667
63,51.93714696550144,48.823570817307456,1.0,0.8210000000000001
64,51.94713974980106,48.80377774252158,1.0,0.8213333333333334
65,51.95627850462825,48.78378635930245,1.0,0.8216666666666668
66,51.96455922165954,48.763601599933786,1.0,0.8220000000000001
67,51.971978268913,48.74322844440918,1.0,0.8223333333333334
68,51.97853239234124,48.72267191920343,1.0,0.8226666666666667
69,51.98421871725867,48.70193709603236,1.0,0.8230000000000001
70,51.98903474960237,48.68102909060156,1.0,0.8233333333333334
71,51.99297837702597,48.65995306134426,1.0,0.8236666666666668
72,51.99604786982618,48.63871420814858,1.0,0.8240000000000001
73,51.99824188170141,48.61731777107464,1.0,0.8243333333333334
74,51.99955945034232,48.59576902906175,1.0,0.8246666666666667
75,51.99999999785383,48.57407329862595,1.0,0.8250000000000001
76,51.999563331008645,48.552235932548356,1.0,0.8253333333333334
77,51.998249641331974,48.53026231855447,1.0,0.8256666666666667
78,51.99605950501754,48.50815787798498,1.0,0.8260000000000001
79,51.99299388267486,48.48592806445813,1.0,0.8263333333333334
80,51.9890541189079,48.46357836252427,1.0,0.8266666666666667
81,51.98424194172532,48.44111428631267,1.0,0.8270000000000001
82,51.978559461782595,48.41854137817107,1.0,0.8273333333333334
83,51.97200917145621,48.395865207298286,1.0,0.8276666666666667
84,51.96459394375053,48.37309136837016,1.0,0.8280000000000001
85,51.95631703103765,48.35022548015924,1.0,0.8283333333333334
86,51.94718206363092,48.32727318414851,1.0,0.8286666666666667
87,51.937193048192604,48.30424014313956,1.0,0.8290000000000001
88,51.9263543659766,48.28113203985539,1.0,0.8293333333333334
89,51.91467077090673,48.25795457553842,1.0,0.8296666666666667
90,51.90214738749167,48.23471346854386,1.0,0.8300000000000001
91,51.88878970857727,48.21141445292885,1.0,0.8303333333333334
92,51.87460359293742,48.18806327703779,1.0,0.8306666666666667
93,51.85959526270427,48.1646657020841,1.0,0.8310000000000001
94,51.8437713006392,48.14122750072877,1.0,0.8313333333333334
95,51.82713864724556,48.117754455656176,1.0,0.8316666666666667
96,51.80970459772455,48.09425235814735,1.0,0.8320000000000001
97,51.791476798775435,48.070727006651154,1.0,0.8323333333333334
98,51.77246324524169,48.04718420535368,1.0,0.8326666666666667
99,51.752672276604386,48.023629762746246,1.0,0.8330000000000001
100,51.73211257332445,48.00006949019232,1.0,0.8333333333333334
101,51.71079315303533,47.976509200493744,1.0,0.8336666666666667
102,51.68872336658782,47.95295470645657,1.0,0.8340000000000001
103,51.66591289394868,47.92941181945698,1.0,0.8343333333333334
104,51.642371739954974,47.905886348007414,1.0,0.8346666666666667
105,51.618110229925826,47.88238409632358,1.0,0.8350000000000001
106,51.593139005133715,47.85891086289236,1.0,0.8353333333333334
107,51.5674690181371,47.83547243904126,1.0,0.8356666666666667
108,51.541111527976554,47.81207460750956,1.0,0.8360000000000001
109,51.51407809523647,47.78872314102155,1.0,0.8363333333333334
110,51.48638057697453,47.765423800862344,1.0,0.8366666666666667
111,51.458031121521074,47.742182335456405,1.0,0.8370000000000001
112,51.42904216315077,47.719004478949316,1.0,0.8373333333333334
113,51.39942641662888,47.69589594979304,1.0,0.8376666666666667
114,51.36919687163442,47.67286244933507,1.0,0.8380000000000001
115,51.33836678706285,47.649909660411765,1.0,0.8383333333333334
116,51.30694968521059,47.62704324594632,1.0,0.8386666666666667
117,51.27495934584403,47.60426884755155,1.0,0.8390000000000001
118,51.242409800155684,47.58159208413806,1.0,0.8393333333333334
119,51.20931532460995,47.55901855052786,1.0,0.8396666666666667
120,51.1756904346814,47.5365538160741,1.0,0.8400000000000001
121,51.14154987848812,47.5142034232869,1.0,0.8403333333333334
122,51.10690863032316,47.491972886466,1.0,0.8406666666666667
123,51.07178188408664,47.46986769034018,1.0,0.8410000000000001
124,51.03618504662163,47.44789328871412,1.0,0.8413333333333334
125,51.00013373095659,47.426055103122806,1.0,0.8416666666666667
126,50.963643749457376,47.40435852149396,1.0,0.8420000000000001
127,50.92673110689183,47.38280889681868,1.0,0.8423333333333334
128,50.88941199340996,47.361411545830784,1.0,0.8426666666666667
129,50.85170277744285,47.34017174769507,1.0,0.8430000000000001
130,50.813619998523336,47.31909474270478,1.0,0.8433333333333334
131,50.77518036003164,47.29818573098879,1.0,0.8436666666666667
132,50.73640072186916,47.27744987122858,1.0,0.8440000000000001
133,50.69729809306357,47.2568922793855,1.0,0.8443333333333334
134,50.657889624308595,47.23651802743853,1.0,0.8446666666666667
135,50.618192600441525,47.21633214213298,1.0,0.8450000000000001
136,50.57822443286201,47.19633960374023,1.0,0.8453333333333334
137,50.538002651895276,47.17654534482901,1.0,0.8456666666666667
138,50.49754489910319,47.156954249048454,1.0,0.8460000000000001
139,50.45686891954658,47.13757114992318,1.0,0.8463333333333334
140,50.41599255400207,47.11840082966079,1.0,0.8466666666666667
141,50.37493373113704,47.09944801797196,1.0,0.8470000000000001
142,50.33371045964596,47.08071739090355,1.0,0.8473333333333334
143,50.292340820351626,47.06221356968493,1.0,0.8476666666666667
144,50.25084295827482,47.043941119587814,1.0,0.8480000000000001
145,50.20923507467577,47.02590454879993,1.0,0.8483333333333334
146,50.1675354190709,47.008108307312746,1.0,0.8486666666666667
147,50.12576228122852,46.99055678582356,1.0,0.8490000000000001
148,50.083933983146764,46.97325431465224,1.0,0.8493333333333334
149,50.04206887101746,46.95620516267283,1.0,0.8496666666666667
150,50.00018530717932,46.939413536260375,1.0,0.8500000000000001
151,49.95830166206412,46.92288357825304,1.0,0.8503333333333334
152,49.91643630613929,46.906619366930066,1.0,0.8506666666666667
153,49.874607601850464,46.89062491500553,1.0,0.8510000000000001
154,49.832833895567646,46.87490416863835,1.0,0.8513333333333334
155,49.791133509538284,46.859461006458666,1.0,0.8516666666666667
156,49.749524733851054,46.84429923861092,1.0,0.8520000000000001
157,49.70802581841367,46.82942260581381,1.0,0.8523333333333334
158,49.666654964948364,46.81483477843736,1.0,0.8526666666666667
159,49.62543031900845,46.80053935559741,1.0,0.8530000000000001
160,49.584369962019586,46.786539864267574,1.0,0.8533333333333334
161,49.54349190334912,46.77283975840915,1.0,0.8536666666666667
162,49.50281407240703,46.75944241811885,1.0,0.8540000000000001
163,49.46235431078199,46.746351148794965,1.0,0.8543333333333334
164,49.4221303644159,46.73356918032179,1.0,0.8546666666666667
165,49.3821598758204,46.721099666272764,1.0,0.8550000000000001
166,49.34246037633873,46.70894568313242,1.0,0.8553333333333334
167,49.303049278456356,46.697110229537365,1.0,0.8556666666666667
168,49.26394386816373,46.68559622553642,1.0,0.8560000000000001
169,49.22516129737454,46.67440651187023,1.0,0.8563333333333334
170,49.186718576402754,46.663543849270354,1.0,0.8566666666666667
171,49.14863256650175,46.65301091777816,1.0,0.857
172,49.1109199724689,46.64281031608361,1.0,0.8573333333333334
173,49.07359733531867,46.63294456088407,1.0,0.8576666666666667
174,49.03668102502763,46.62341608626344,1.0,0.8580000000000001
175,49.000187233354524,46.614227243091584,1.0,0.8583333333333334
176,48.964131966738336,46.60538029844434,1.0,0.8586666666666667
177,48.92853103927784,46.596877435044156,1.0,0.859
178,48.893400065795404,46.58872075072161,1.0,0.8593333333333334
179,48.85875445498819,46.5809122578978,1.0,0.8596666666666667
180,48.824609402669815,46.57345388308785,1.0,0.8600000000000001
181,48.790979885105344,46.566347466425604,1.0,0.8603333333333334
182,48.757880652442594,46.5595947612096,1.0,0.8606666666666667
183,48.72532622224264,46.55319743347056,1.0,0.861
184,48.69333087311227,46.547157061560256,1.0,0.8613333333333334
185,48.661908638441275,46.54147513576218,1.0,0.8616666666666667
186,48.63107330024739,46.5361530579238,1.0,0.8620000000000001
187,48.60083838313129,46.531192141110736,1.0,0.8623333333333334
188,48.57121714834467,46.52659360928279,1.0,0.8626666666666667
189,48.54222258797377,46.52235859699196,1.0,0.863
190,48.513867419240896,46.51848814910251,1.0,0.8633333333333334
191,48.48616407892662,46.51498322053323,1.0,0.8636666666666667
192,48.45912471791488,46.51184467602178,1.0,0.8640000000000001
193,48.432761195863534,46.50907328991139,1.0,0.8643333333333334
194,48.407085076002595,46.506669745959776,1.0,0.8646666666666667
195,48.38210762006258,46.50463463717046,1.0,0.865
196,48.35783978333495,46.502968465646475,1.0,0.8653333333333334
197,48.33429220986713,46.50167164246646,1.0,0.8656666666666667
198,48.31147522779387,46.50074448758326,1.0,0.8660000000000001
199,48.289398844807316,46.50018722974497,1.0,0.8663333333333334
200,48.268072743767526,46.50000000643852,1.0,0.8666666666666667
201,48.24750627845551,46.50018286385573,1.0,0.867
202,48.22770846947059,46.50073575688192,1.0,0.8673333333333334
203,48.20868800027393,46.50165854910708,1.0,0.8676666666666667
204,48.190453213379854,46.50295101285945,1.0,0.8680000000000001
205,48.173012106696795,46.504612829261745,1.0,0.8683333333333334
206,48.15637233001936,46.506643588309835,1.0,0.8686666666666667
207,48.140541181673036,46.509042788973844,1.0,0.869
208,48.12552560531316,46.51180983932184,1.0,0.8693333333333334
209,48.111332186879295,46.51494405666582,1.0,0.8696666666666667
210,48.097967151706676,46.518444667730165,1.0,0.87
211,48.085436361795665,46.52231080884241,1.0,0.8703333333333334
212,48.07374531324067,46.526541526146374,1.0,0.8706666666666667
213,48.06289913381953,46.53113577583741,1.0,0.871
214,48.05290258074439,46.53609242442004,1.0,0.8713333333333334
215,48.04376003857519,46.54141024898751,1.0,0.8716666666666667
216,48.03547551729657,46.547087937523585,1.0,0.872
217,48.028052650559026,46.55312408922619,1.0,0.8723333333333334
218,48.0214946940852,46.55951721485307,1.0,0.8726666666666667
219,48.01580452424188,46.56626573708917,1.0,0.873
220,48.0109846367784,46.57336799093583,1.0,0.8733333333333334
221,48.00703714573202,46.58082222412154,1.0,0.8736666666666667
222,48.003963782500634,46.58862659753429,1.0,0.874
223,48.00176589508343,46.59677918567529,1.0,0.8743333333333334
224,48.0004444474896,46.605277977134065,1.0,0.8746666666666667
225,48.00000001931555,46.614120875084666,1.0,0.875
226,48.00043280549066,46.62330569780303,1.0,0.8753333333333334
227,48.00174261619182,46.63283017920528,1.0,0.8756666666666667
228,48.00392887692664,46.642691969406734,1.0,0.8760000000000001
229,48.00699062878547,46.65288863530176,1.0,0.8763333333333334
230,48.01092652886198,46.663417661164004,1.0,0.8766666666666667
231,48.01573485084212,46.67427644926713,1.0,0.877
232,48.021413485761364,46.68546232052568,1.0,0.8773333333333334
233,48.02795994292966,46.696972515156084,1.0,0.8776666666666667
234,48.03537135102391,46.708804193357565,1.0,0.8780000000000001
235,48.04364445934732,46.72095443601276,1.0,0.8783333333333334
236,48.052775639255174,46.73342024540791,1.0,0.8786666666666667
237,48.06276088574642,46.74619854597251,1.0,0.879
238,48.07359581922027,46.759286185038064,1.0,0.8793333333333334
239,48.08527568739712,46.772679933615926,1.0,0.8796666666666667
240,48.09779536740293,46.78637648719398,1.0,0.8800000000000001
241,48.111149368016186,46.80037246655189,1.0,0.8803333333333334
242,48.12533183207634,46.81466441859489,1.0,0.8806666666666667
243,48.14033653905285,46.82924881720563,1.0,0.881
244,48.15615690777352,46.844122064114245,1.0,0.8813333333333334
245,48.17278599931106,46.85928048978608,1.0,0.8816666666666667
246,48.19021652002653,46.874720354327,1.0,0.882
247,48.20844082476843,46.89043784840619,1.0,0.8823333333333334
248,48.22745092022586,46.90642909419588,1.0,0.8826666666666667
249,48.247238468434496,46.9226901463282,1.0,0.883
250,48.26779479043363,46.939216992868495,1.0,0.8833333333333334
251,48.28911087007287,46.95600555630519,1.0,0.8836666666666667
252,48.311177357966656,46.97305169455582,1.0,0.884
253,48.33398457559499,46.99035120198889,1.0,0.8843333333333334
254,48.35752251954849,47.007899810461566,1.0,0.8846666666666667
255,48.38178086591596,47.02569319037269,1.0,0.885
256,48.406748974812544,47.04372695173097,1.0,0.8853333333333334
257,48.43241589504644,47.06199664523807,1.0,0.8856666666666667
258,48.45877036892217,47.08049776338638,1.0,0.886
259,48.48580083717829,47.09922574157109,1.0,0.8863333333333334
260,48.51349544405739,47.11817595921636,1.0,0.8866666666666667
261,48.541842042506076,47.137343740915334,1.0,0.887
262,48.57082819950277,47.15672435758365,1.0,0.8873333333333334
263,48.600441201510925,47.17631302762618,1.0,0.8876666666666667
264,48.63066806005528,47.196104918116795,1.0,0.888
265,48.66149551741868,47.216095145990685,1.0,0.8883333333333334
266,48.69291005245702,47.23627877924918,1.0,0.8886666666666667
267,48.72489788652971,47.25665083817652,1.0,0.889
268,48.7574449895431,47.27720629656847,1.0,0.8893333333333334
269,48.79053708610415,47.2979400829724,1.0,0.8896666666666667
270,48.824159661781756,47.318847081938515,1.0,0.89
271,48.858297969472844,47.3399221352819,1.0,0.8903333333333334
272,48.892937035870595,47.36116004335523,1.0,0.8906666666666667
273,48.928061668031816,47.382555566331526,1.0,0.891
274,48.96365646004069,47.40410342549704,1.0,0.8913333333333334
275,48.99970579976591,47.42579830455353,1.0,0.8916666666666667
276,49.03619387570829,47.447634850929944,1.0,0.892
277,49.07310468393577,47.46960767710301,1.0,0.8923333333333334
278,49.110422035102886,47.49171136192643,1.0,0.8926666666666667
279,49.14812956155153,47.51394045196838,1.0,0.893
280,49.1862107244899,47.53628946285704,1.0,0.8933333333333334
281,49.224648821246554,47.55875288063363,1.0,0.8936666666666667
282,49.263426992596315,47.581325163112844,1.0,0.894
283,49.30252823015485,47.604000741250246,1.0,0.8943333333333334
284,49.34193538383865,47.62677402051624,1.0,0.8946666666666667
285,49.381631169387234,47.64963938227634,1.0,0.895
286,49.421598175944084,47.672591185177446,1.0,0.8953333333333334
287,49.46181887369321,47.69562376653965,1.0,0.8956666666666667
288,49.50227562154783,47.718731443753335,1.0,0.896
289,49.54295067488792,47.74190851568121,1.0,0.8963333333333334
290,49.58382619334307,47.76514926406489,1.0,0.8966666666666667
291,49.62488424861746,47.788447954935684,1.0,0.897
292,49.6661068323533,47.81179884002932,1.0,0.8973333333333334
293,49.707475864029426,47.83519615820414,1.0,0.8976666666666667
294,49.74897319889156,47.8586341368625,1.0,0.898
295,49.79058063591074,47.882106993374954,1.0,0.8983333333333334
296,49.83227992576639,47.90560893650701,1.0,0.8986666666666667
297,49.87405277885064,47.929134167847884,1.0,0.899
298,49.915880873290234,47.952676883241125,1.0,0.8993333333333333
299,49.95774586298268,47.97623127421662,1.0,0.8996666666666667
300,49.99962938564295,47.99979152942364,1.0,0.9
301,50.04151307085734,48.02335183606461,1.0,0.9003333333333334
302,50.08337854814084,48.0469063813293,1.0,0.9006666666666667
303,50.125207454994566,48.070449353828906,1.0,0.901
304,50.16698144495969,48.09397494502988,1.0,0.9013333333333334
305,50.20868219566432,48.117477350686976,1.0,0.9016666666666667
306,50.250291416859845,48.14095077227531,1.0,0.902
307,50.291790858443136,48.16438941842096,1.0,0.9023333333333334
308,50.3331623184612,48.18778750632981,1.0,0.9026666666666667
309,50.37438765109468,48.21113926321431,1.0,0.903
310,50.41544877461673,48.2344389277177,1.0,0.9033333333333334
311,50.45632767932379,48.257680751335485,1.0,0.9036666666666667
312,50.49700643543481,48.280858999833725,1.0,0.904
313,50.537467200955334,48.30396795466372,1.0,0.9043333333333334
314,50.577692229503135,48.32700191437298,1.0,0.9046666666666667
315,50.61766387809193,48.34995519601181,1.0,0.905
316,50.65736461486969,48.37282213653549,1.0,0.9053333333333333
317,50.69677702680828,48.39559709420138,1.0,0.9056666666666667
318,50.73588382734087,48.41827444996091,1.0,0.906
319,50.77466786394401,48.44084860884592,1.0,0.9063333333333334
320,50.81311212566082,48.463314001349,1.0,0.9066666666666667
321,50.85119975056214,48.48566508479765,1.0,0.907
322,50.88891403314225,48.50789634472177,1.0,0.9073333333333333
323,50.92623843164607,48.53000229621414,1.0,0.9076666666666667
324,50.963156575324476,48.55197748528374,1.0,0.908
325,50.99965227161461,48.573816490201295,1.0,0.9083333333333334
326,51.0357095132421,48.59551392283694,1.0,0.9086666666666667
327,51.071312485241904,48.61706442998961,1.0,0.909
328,51.10644557189493,48.63846269470777,1.0,0.9093333333333333
329,51.14109336357715,48.65970343760119,1.0,0.9096666666666667
330,51.175240663518395,48.68078141814352,1.0,0.91
331,51.208872494467784,48.7016914359652,1.0,0.9103333333333334
332,51.24197410526283,48.722428332136545,1.0,0.9106666666666667
333,51.27453097729939,48.74298699044048,1.0,0.911
334,51.30652883089969,48.763362338634906,1.0,0.9113333333333333
335,51.33795363157542,48.78354934970405,1.0,0.9116666666666667
336,51.368791596183414,48.80354304309879,1.0,0.912
337,51.399029198971014,48.82333848596543,1.0,0.9123333333333334
338,51.428653177508565,48.84293079436273,1.0,0.9126666666666667
339,51.45765053850643,48.86231513446688,1.0,0.913
340,51.486008563513884,48.88148672376413,1.0,0.9133333333333333
341,51.513714814497604,48.90044083223069,1.0,0.9136666666666667
342,51.54075713929699,48.91917278349976,1.0,0.914
343,51.567123676954274,48.93767795601527,1.0,0.9143333333333334
344,51.59280286291675,48.9559517841721,1.0,0.9146666666666667
345,51.6177834341091,48.97398975944254,1.0,0.915
346,51.64205443387348,48.9917874314886,1.0,0.9153333333333333
347,51.665605216775155,49.00934040926004,1.0,0.9156666666666667
348,51.68842545327167,49.02664436207769,1.0,0.916
349,51.71050513424348,49.04369502070194,1.0,0.9163333333333334
350,51.731834575384006,49.06048817838606,1.0,0.9166666666666667
351,51.752404421447245,49.07701969191406,1.0,0.917
352,51.77220565035104,49.09328548262294,1.0,0.9173333333333333
353,51.791229577134246,49.10928153740893,1.0,0.9176666666666667
354,51.80946785776601,49.125003909717684,1.0,0.918
355,51.82691249280552,49.14044872051789,1.0,0.9183333333333334
356,51.84355583091061,49.15561215925836,1.0,0.9186666666666667
357,51.8593905721937,49.17049048480816,1.0,0.919
358,51.874409771423615,49.18508002637962,1.0,0.9193333333333333
359,51.88860684107172,49.199377184433985,1.0,0.9196666666666667
360,51.90197555420137,49.21337843156951,1.0,0.92
361,51.914510047199016,49.227080313391724,1.0,0.9203333333333334
362,51.92620482234604,49.24047944936572,1.0,0.9206666666666667
363,51.9370547502301,49.25357253365021,1.0,0.921
364,51.947055071994946,49.26635633591309,1.0,0.9213333333333333
365,51.956201401427656,49.27882770212848,1.0,0.9216666666666667
366,51.96448972688249,49.2909835553549,1.0,0.922
367,51.9719164130404,49.302820896494346,1.0,0.9223333333333334
368,51.97847820250351,49.3143368050323,1.0,0.9226666666666667
369,51.98417221722387,49.32552843975823,1.0,0.923
370,51.98899595976575,49.336393039466614,1.0,0.9233333333333333
371,51.99294731440103,49.34692792363815,1.0,0.9236666666666667
372,51.996024548037205,49.357130493101124,1.0,0.924
373,51.998226310977515,49.36699823067267,1.0,0.9243333333333335
374,51.99955163751292,49.376528701779804,1.0,0.9246666666666667
375,51.9999999463457,49.385719555060085,1.0,0.925
376,51.99957104084437,49.39456852294174,1.0,0.9253333333333333
377,51.998265109129974,49.40307342220314,1.0,0.9256666666666667
378,51.99608272399353,49.41123215451144,1.0,0.926
379,51.99302484264482,49.41904270694024,1.0,0.9263333333333335
380,51.98909280629257,49.426503152466275,1.0,0.9266666666666667
381,51.98428833955614,49.43361165044482,1.0,0.927
382,51.97861354970913,49.440366447063816,1.0,0.9273333333333333
383,51.97207092575511,49.44676587577658,1.0,0.9276666666666668
384,51.96466333733592,49.452808357712954,1.0,0.928
385,51.95639403347301,49.45849240206888,1.0,0.9283333333333335
386,51.94726664114242,49.46381660647419,1.0,0.9286666666666668
387,51.93728516368395,49.468779657338594,1.0,0.929
388,51.92645397904527,49.473380330175786,1.0,0.9293333333333333
389,51.91477783786172,49.47761748990553,1.0,0.9296666666666668
390,51.90226186137264,49.48149009113375,1.0,0.93
391,51.88891153917516,49.484997178410374,1.0,0.9303333333333333
392,51.874732726816454,49.48813788646515,1.0,0.9306666666666668
393,51.859731643225395,49.49091144042106,1.0,0.931
394,51.84391486798494,49.49331715598554,1.0,0.9313333333333333
395,51.82728933844626,49.49535443961926,1.0,0.9316666666666668
396,51.80986234668596,49.49702278868265,1.0,0.932
397,51.79164153630773,49.498321791559796,1.0,0.9323333333333333
398,51.7726348990898,49.4992511277601,1.0,0.9326666666666668
399,51.75285077147971,49.499810567997265,1.0,0.933
400,51.732297830937846,49.49999997424594,1.0,0.9333333333333333
401,51.71098509213148,49.499819299775716,1.0,0.9336666666666668
402,51.68892190298086,49.49926858916269,1.0,0.934
403,51.666117940559126,49.498347978278446,1.0,0.9343333333333333
404,51.6425832068479,49.497057694256554,1.0,0.9346666666666668
405,51.61832802435035,49.49539805543651,1.0,0.935
406,51.59336303156363,49.4933694712852,1.0,0.9353333333333333
407,51.5676991783128,49.49097244229589,1.0,0.9356666666666668
408,51.54134772094814,49.48820755986473,1.0,0.936
409,51.51432021740801,49.48507550614485,1.0,0.9363333333333334
410,51.4866285221495,49.48157705387807,1.0,0.9366666666666668
411,51.458284780948944,49.47771306620421,1.0,0.937
412,51.42930142557469,49.47348449644818,1.0,0.9373333333333334
413,51.39969116833449,49.46889238788476,1.0,0.9376666666666668
414,51.36946699649973,49.463937873481186,1.0,0.9380000000000001
415,51.33864216660914,49.458622175617656,1.0,0.9383333333333334
416,51.307230198654416,49.45294660578571,1.0,0.9386666666666668
417,51.27524487015019,49.446912564264686,1.0,0.9390000000000001
418,51.242700210091165,49.44052153977623,1.0,0.9393333333333334
419,51.20961049279887,49.43377510911698,1.0,0.9396666666666668
420,51.17599023166087,49.42667493676959,1.0,0.9400000000000001
421,51.141854172765036,49.41922277449199,1.0,0.9403333333333334
422,51.10721728843186,49.411420460885275,1.0,0.9406666666666668
423,51.07209477064747,49.40326992094003,1.0,0.9410000000000001
424,51.0365020244003,49.39477316556142,1.0,0.9413333333333334
425,51.00045466092437,49.38593229107302,1.0,0.9416666666666668
426,50.96396849085207,49.376749478699665,1.0,0.9420000000000001
427,50.92705951727953,49.367226994029274,1.0,0.9423333333333334
428,50.88974392874752,49.35736718645386,1.0,0.9426666666666668
429,50.85203809214104,49.34717248858991,1.0,0.9430000000000001
430,50.81395854551074,49.33664541567823,1.0,0.9433333333333334
431,50.7755219908191,49.32578856496332,1.0,0.9436666666666668
432,50.73674528661497,49.31460461505264,1.0,0.9440000000000001
433,50.69764544063916,49.30309632525572,1.0,0.9443333333333334
434,50.658239602364816,49.29126653490339,1.0,0.9446666666666668
435,50.618545055475494,49.279118162647244,1.0,0.9450000000000001
436,50.57857921028442,49.266654205739556,1.0,0.9453333333333334
437,50.538359596098196,49.2538777392938,1.0,0.9456666666666668
438,50.49790385352834,49.24079191552595,1.0,0.9460000000000001
439,50.457229726753965,49.22739996297678,1.0,0.9463333333333334
440,50.41635505573906,49.213705185715305,1.0,0.9466666666666668
441,50.375297768407776,49.199710962523575,1.0,0.9470000000000001
442,50.33407587278108,49.185420746063116,1.0,0.9473333333333334
443,50.2927074490783,49.17083806202304,1.0,0.9476666666666667
444,50.25121064178707,49.155966508250195,1.0,0.9480000000000001
445,50.20960365170495,49.140809753861525,1.0,0.9483333333333334
446,50.16790472795649,49.1253715383388,1.0,0.9486666666666668
447,50.126132159988984,49.109655670606024,1.0,0.9490000000000001
448,50.084304269550636,49.09366602808967,1.0,0.9493333333333334
449,50.04243940265445,49.07740655576208,1.0,0.9496666666666667
450,50.0005559215316,49.060881265168135,1.0,0.9500000000000001
451,49.958672196577574,49.0440942334355,1.0,0.9503333333333334
452,49.91680659829481,49.02704960226878,1.0,0.9506666666666668
453,49.87497748923527,49.009751576927606,1.0,0.9510000000000001
454,49.83320321594646,48.99220442518916,1.0,0.9513333333333334
455,49.791502100924546,48.9744124762952,1.0,0.9516666666666667
456,49.74989243457794,48.95638011988396,1.0,0.9520000000000001
457,49.70839246720499,48.93811180490713,1.0,0.9523333333333334
458,49.66702040098933,48.919612038532215,1.0,0.9526666666666668
459,49.625794382016196,48.90088538503053,1.0,0.9530000000000001
460,49.584732492313464,48.88193646465106,1.0,0.9533333333333334
461,49.54385274192073,48.86276995248062,1.0,0.9536666666666667
462,49.503173060989994,48.84339057729036,1.0,0.9540000000000001
463,49.46271129192134,48.823803120369085,1.0,0.9543333333333334
464,49.422485181537134,48.804012414343646,1.0,0.9546666666666668
465,49.38251237329819,48.7840233419866,1.0,0.9550000000000001
466,49.34281039956515,48.76384083501154,1.0,0.9553333333333334
467,49.3033966739087,48.74346987285635,1.0,0.9556666666666667
468,49.264288483471866,48.72291548145467,1.0,0.9560000000000001
469,49.22550298138773,48.70218273199587,1.0,0.9563333333333334
470,49.187057179255916,48.68127673967392,1.0,0.9566666666666668
471,49.14896793968125,48.66020266242537,1.0,0.9570000000000001
472,49.11125196887765,48.63896569965674,1.0,0.9573333333333334
473,49.073925809340665,48.61757109096174,1.0,0.9576666666666667
474,49.03700583259182,48.59602411482859,1.0,0.9580000000000001
475,49.00050823199796,48.57433008733764,1.0,0.9583333333333334
476,48.96444901566871,48.55249436084987,1.0,0.9586666666666668
477,48.92884399943523,48.53052232268625,1.0,0.9590000000000001
478,48.89370879991323,48.508419393798675,1.0,0.9593333333333334
479,48.85905882765345,48.48619102743244,1.0,0.9596666666666667
480,48.82490928038247,48.46384270778084,1.0,0.9600000000000001
481,48.79127513633688,48.44137994863211,1.0,0.9603333333333334
482,48.7581711476937,48.41880829200905,1.0,0.9606666666666668
483,48.72561183410002,48.39613330680169,1.0,0.9610000000000001
484,48.693611476304504,48.373360587393336,1.0,0.9613333333333334
485,48.6621841098938,48.35049575228035,1.0,0.9616666666666667
486,48.631343519136436,48.32754444268589,1.0,0.9620000000000001
487,48.601103230936914,48.304512321168176,1.0,0.9623333333333334
488,48.571476508902734,48.28140507022334,1.0,0.9626666666666668
489,48.54247634752686,48.258228390883524,1.0,0.9630000000000001
490,48.514115466488256,48.23498800131025,1.0,0.9633333333333334
491,48.48640630507295,48.211689635383685,1.0,0.9636666666666667
492,48.45936101671805,48.18833904128792,1.0,0.9640000000000001
493,48.432991463681184,48.16494198009283,1.0,0.9643333333333334
494,48.40730921183762,48.14150422433266,1.0,0.9646666666666668
495,48.382325525607385,48.11803155658184,1.0,0.9650000000000001
496,48.3580513630146,48.094529768028316,1.0,0.9653333333333334
497,48.33449737088126,48.071004657044725,1.0,0.9656666666666667
498,48.31167388015739,48.04746202775781,1.0,0.9660000000000001
499,48.28959090138987,48.02390768861646,1.0,0.9663333333333334
500,48.268258120331716,48.000347450958614,1.0,0.9666666666666668
501,48.24768489369385,47.9767871275775,1.0,0.9670000000000001
502,48.227880245041156,47.9532325312875,1.0,0.9673333333333334
503,48.20885286083472,47.92968947348999,1.0,0.9676666666666667
504,48.190611086621836,47.906163762739574,1.0,0.9680000000000001
505,48.173162923375635,47.88266120331098,1.0,0.9683333333333334
506,48.15651602398578,47.85918759376705,1.0,0.9686666666666668
507,48.140677689901835,47.835748725528056,1.0,0.9690000000000001
508,48.12565486793084,47.81235038144292,1.0,0.9693333333333334
509,48.11145414719036,47.788998334362404,1.0,0.9696666666666667
510,48.09808175621844,47.76569834571485,1.0,0.9700000000000001
511,48.08554356024178,47.74245616408473,1.0,0.9703333333333334
512,48.073845058603126,47.719277523794325,1.0,0.9706666666666668
513,48.06299138234929,47.69616814348899,1.0,0.9710000000000001
514,48.052987291980585,47.673133724726185,1.0,0.9713333333333334
515,48.043837175362874,47.650179950568855,1.0,0.9716666666666667
516,48.035545045802984,47.627312484183264,1.0,0.9720000000000001
517,48.02811454028847,47.604536967441774,1.0,0.9723333333333334
518,48.021548917892396,47.581859019530874,1.0,0.9726666666666667
519,48.01585105834387,47.559284235564846,1.0,0.9730000000000001
520,48.01102346076501,47.53681818520531,1.0,0.9733333333333334
521,48.00706824257475,47.514466411287074,1.0,0.9736666666666667
522,48.0039871385602,47.492234428450594,1.0,0.9740000000000001
523,48.00178150011569,47.47012772178143,1.0,0.9743333333333334
524,48.00045229465008,47.44815174545694,1.0,0.9746666666666667
525,48.00000010516242,47.42631192140064,1.0,0.9750000000000001
526,48.00042512998628,47.40461363794446,1.0,0.9753333333333334
527,48.00172718270271,47.3830622484994,1.0,0.9756666666666667
528,48.00390569222205,47.36166307023468,1.0,0.9760000000000001
529,48.006959703034376,47.3404213827659,1.0,0.9763333333333334
530,48.010887875628626,47.31934242685248,1.0,0.9766666666666667
531,48.0156884870801,47.2984314031046,1.0,0.9770000000000001
532,48.021359431806154,47.27769347070016,1.0,0.9773333333333334
533,48.02789822248972,47.25713374611186,1.0,0.9776666666666667
534,48.035301991170265,47.2367573018449,1.0,0.9780000000000001
535,48.043567490501694,47.21656916518545,1.0,0.9783333333333334
536,48.052691095176655,47.19657431696035,1.0,0.9786666666666667
537,48.06266880351666,47.176777690308235,1.0,0.9790000000000001
538,48.07349623922718,47.15718416946239,1.0,0.9793333333333334
539,48.08516865331721,47.13779858854576,1.0,0.9796666666666667
540,48.097680926182115,47.118625730378234,1.0,0.9800000000000001
541,48.1110275698492,47.09967032529666,1.0,0.9803333333333334
542,48.12520273038474,47.08093704998774,1.0,0.9806666666666667
543,48.14020019046157,47.062430526334204,1.0,0.9810000000000001
544,48.15601337208602,47.044155320274534,1.0,0.9813333333333334
545,48.17263533948312,47.02611594067639,1.0,0.9816666666666667
546,48.19005880213865,47.00831683822424,1.0,0.9820000000000001
547,48.208276117996796,46.990762404321245,1.0,0.9823333333333334
548,48.22727929681205,46.97345697000581,1.0,0.9826666666666667
549,48.247060003653765,46.95640480488308,1.0,0.9830000000000001
550,48.267609562561915,46.93961011607147,1.0,0.9833333333333334
551,48.28891896035244,46.92307704716471,1.0,0.9836666666666667
552,48.3109788505705,46.90680967720958,1.0,0.9840000000000001
553,48.333779557589864,46.89081201969943,1.0,0.9843333333333334
554,48.357311080856775,46.875088021584084,1.0,0.9846666666666667
555,48.381563099276185,46.85964156229595,1.0,0.9850000000000001
556,48.40652497573872,46.84447645279292,1.0,0.9853333333333334
557,48.432185761786165,46.82959643461815,1.0,0.9856666666666667
558,48.45853420241354,46.81500517897693,1.0,0.9860000000000001
559,48.48555874100564,46.8007062858309,1.0,0.9863333333333334
560,48.51324752440584,46.786703283009885,1.0,0.9866666666666667
561,48.54158840811496,46.77299962534151,1.0,0.9870000000000001
562,48.57056896161795,46.75959869379883,1.0,0.9873333333333334
563,48.600176473836,46.746503794666154,1.0,0.9876666666666667
564,48.63039795870171,46.73371815872331,1.0,0.988
565,48.66122016085485,46.72124494044861,1.0,0.9883333333333334
566,48.69262956145631,46.70908721724047,1.0,0.9886666666666667
567,48.72461238411748,46.697247988658255,1.0,0.9890000000000001
568,48.75715460094276,46.68573017568215,1.0,0.9893333333333334
569,48.79024193868222,46.67453661999256,1.0,0.9896666666666667
570,48.82385988499201,46.66367008326894,1.0,0.99
571,48.857993694799546,46.653133246508496,1.0,0.9903333333333334
572,48.892628396770796,46.64292870936468,1.0,0.9906666666666667
573,48.92774879987684,46.633058989505834,1.0,0.9910000000000001
574,48.963339500056755,46.623526521994016,1.0,0.9913333333333334
575,48.99938488697394,46.61433365868422,1.0,0.9916666666666667
576,49.035869150862936,46.60548266764411,1.0,0.992
577,49.07277628946369,46.5969757325945,1.0,0.9923333333333334
578,49.11009011504025,46.5888149523705,1.0,0.9926666666666667
579,49.147794261480854,46.581002340403764,1.0,0.9930000000000001
580,49.18587219147621,46.57353982422568,1.0,0.9933333333333334
581,49.22430720377285,46.56642924499187,1.0,0.9936666666666667
582,49.26308244049848,46.559672357027864,1.0,0.994
583,49.3021808945559,46.553270827396325,1.0,0.9943333333333334
584,49.34158541708249,46.547226235485745,1.0,0.9946666666666667
585,49.38127872497179,46.54154007262076,1.0,0.9950000000000001
586,49.421243408453996,46.53621374169423,1.0,0.9953333333333334
587,49.46146193873205,46.53124855682109,1.0,0.9956666666666667
588,49.50191667566984,46.52664574301415,1.0,0.996
589,49.54258987552933,46.52240643588186,1.0,0.9963333333333334
590,49.58346369875308,46.51853168134812,1.0,0.9966666666666667
591,49.62452021778879,46.51502243539426,1.0,0.9970000000000001
592,49.665741424952486,46.511879563823115,1.0,0.9973333333333334
593,49.70710924032678,46.5091038420455,1.0,0.9976666666666667
594,49.74860551969087,46.50669595488882,1.0,0.998
595,49.790212062478744,46.504656496428154,1.0,0.9983333333333334
596,49.83191061976204,46.5029859698397,1.0,0.9986666666666667
597,49.873682902254195,46.50168478727657,1.0,0.9990000000000001
598,49.915510588332225,46.50075326976715,1.0,0.9993333333333334
599,49.95737533207275,46.50019164713591,1.0,0.9996666666666667
600,49.99925877129862,46.50000005794664,1.0,1.0
